http://linkedeconomy.org/resource/Organization/997615158/6001;http://linkedeconomy.org/resource/Municipality/9015;Municipality of Abdera;
http://linkedeconomy.org/resource/Organization/090098820;http://linkedeconomy.org/resource/Municipality/9274;Municipality of Agathonisi;
http://linkedeconomy.org/resource/Organization/099711740;http://linkedeconomy.org/resource/Municipality/9097;Municipality of Agia;
http://linkedeconomy.org/resource/Organization/0900338714;http://linkedeconomy.org/resource/Municipality/9179;Municipality of Agia Varvara;
http://linkedeconomy.org/resource/Organization/090085626;http://linkedeconomy.org/resource/Municipality/9167;Municipality of Agia Paraskevi;
http://linkedeconomy.org/resource/Organization/997820848;http://linkedeconomy.org/resource/Municipality/9314;Municipality of Agios Vasileios;
http://linkedeconomy.org/resource/Organization/090317374;http://linkedeconomy.org/resource/Municipality/9194;Municipality of Agios Dimitrios;
http://linkedeconomy.org/resource/Organization/090390252;http://linkedeconomy.org/resource/Municipality/9262;Municipality of Agios Efstratios;
http://linkedeconomy.org/resource/Organization/090093325;http://linkedeconomy.org/resource/Municipality/9310;Municipality of Agios Nikolaos;
http://linkedeconomy.org/resource/Organization/998396742/6009;http://linkedeconomy.org/resource/Municipality/9180;Municipality of Agioi Anargyroi-Kamatero;
http://linkedeconomy.org/resource/Organization/090046940;http://linkedeconomy.org/resource/Municipality/9207;Municipality of Angistri;
http://linkedeconomy.org/resource/Organization/998895727;http://linkedeconomy.org/resource/Municipality/9156;Municipality of Agrafa;
http://linkedeconomy.org/resource/Organization/997699780;http://linkedeconomy.org/resource/Municipality/9123;Municipality of Agrinio;
http://linkedeconomy.org/resource/Organization/090025537;http://linkedeconomy.org/resource/Municipality/9186;Municipality of Athens;
http://linkedeconomy.org/resource/Organization/09;http://linkedeconomy.org/resource/Municipality/9181;Municipality of Aigaleo;
http://linkedeconomy.org/resource/Organization/997934121;http://linkedeconomy.org/resource/Municipality/9130;Municipality of Aigialeia;
http://linkedeconomy.org/resource/Organization/090046938;http://linkedeconomy.org/resource/Municipality/9208;Municipality of Aegina;
http://linkedeconomy.org/resource/Organization/099202692/6017;http://linkedeconomy.org/resource/Municipality/9124;Municipality of Aktio-Vonitsa;
http://linkedeconomy.org/resource/Organization/997813777;http://linkedeconomy.org/resource/Municipality/9023;Municipality of Alexandreia;
http://linkedeconomy.org/resource/Organization/997712303;http://linkedeconomy.org/resource/Municipality/9006;Municipality of Alexandroupoli;
http://linkedeconomy.org/resource/Organization/090261546;http://linkedeconomy.org/resource/Municipality/9195;Municipality of Alimos;
http://linkedeconomy.org/resource/Organization/998230533;http://linkedeconomy.org/resource/Municipality/9104;Municipality of Almyros;
http://linkedeconomy.org/resource/Organization/997600077;http://linkedeconomy.org/resource/Municipality/9042;Municipality of Almopia;
http://linkedeconomy.org/resource/Organization/997820873;http://linkedeconomy.org/resource/Municipality/9315;Municipality of Amari;
http://linkedeconomy.org/resource/Organization/090312495;http://linkedeconomy.org/resource/Municipality/9168;Municipality of Marousi;
http://linkedeconomy.org/resource/Organization/090256934;http://linkedeconomy.org/resource/Municipality/9291;Municipality of Amorgos;
http://linkedeconomy.org/resource/Organization/997742400/6028;http://linkedeconomy.org/resource/Municipality/9026;Municipality of Ampelokipoi-Menemeni;
http://linkedeconomy.org/resource/Organization/999108285;http://linkedeconomy.org/resource/Municipality/9070;Municipality of Amyntaio;
http://linkedeconomy.org/resource/Organization/998786086;http://linkedeconomy.org/resource/Municipality/9125;Municipality of Amfilochia;
http://linkedeconomy.org/resource/Organization/800246874;http://linkedeconomy.org/resource/Municipality/9049;Municipality of Amphipolis;
http://linkedeconomy.org/resource/Organization/800092832;http://linkedeconomy.org/resource/Municipality/9248;Municipality of East Mani;
http://linkedeconomy.org/resource/Organization/090156248;http://linkedeconomy.org/resource/Municipality/9269;Municipality of Anafi;
http://linkedeconomy.org/resource/Organization/099154390;http://linkedeconomy.org/resource/Municipality/9135;Municipality of Andravida-Kyllini;
http://linkedeconomy.org/resource/Organization/800166075/6036;http://linkedeconomy.org/resource/Municipality/9136;Municipality of Andritsaina-Krestena;
http://linkedeconomy.org/resource/Organization/998239700;http://linkedeconomy.org/resource/Municipality/9268;Municipality of Andros;
http://linkedeconomy.org/resource/Organization/999247040;http://linkedeconomy.org/resource/Municipality/9293;Municipality of Antiparos;
http://linkedeconomy.org/resource/Organization/090034939;http://linkedeconomy.org/resource/Municipality/9316;Municipality of Anogeia;
http://linkedeconomy.org/resource/Organization/997570100;http://linkedeconomy.org/resource/Municipality/9319;Municipality of Apokoronas;
http://linkedeconomy.org/resource/Organization/800231953;http://linkedeconomy.org/resource/Municipality/9091;Municipality of Argithea;
http://linkedeconomy.org/resource/Organization/918177895;http://linkedeconomy.org/resource/Municipality/9233;Municipality of Argos-Mykines;
http://linkedeconomy.org/resource/Organization/998744730;http://linkedeconomy.org/resource/Municipality/9056;Municipality of Aristotelis;
http://linkedeconomy.org/resource/Organization/800281919;http://linkedeconomy.org/resource/Municipality/9019;Municipality of Arriana;
http://linkedeconomy.org/resource/Organization/99761820;http://linkedeconomy.org/resource/Municipality/9073;Municipality of Arta;
http://linkedeconomy.org/resource/Organization/997851051;http://linkedeconomy.org/resource/Municipality/9137;Municipality of Olympia;
http://linkedeconomy.org/resource/Organization/997579303/6047;http://linkedeconomy.org/resource/Municipality/9302;Municipality of Archanes-Asterousia;
http://linkedeconomy.org/resource/Organization/090182414;http://linkedeconomy.org/resource/Municipality/9228;Municipality of Aspropyrgos;
http://linkedeconomy.org/resource/Organization/090001146;http://linkedeconomy.org/resource/Municipality/9275;Municipality of Astypalaia;
http://linkedeconomy.org/resource/Organization/997833057;http://linkedeconomy.org/resource/Municipality/9215;Municipality of Acharnes;
http://linkedeconomy.org/resource/Organization/997573323;http://linkedeconomy.org/resource/Municipality/9216;Municipality of Vari-Voula-Vouliagmeni;
http://linkedeconomy.org/resource/Organization/997860963/6052;http://linkedeconomy.org/resource/Municipality/9242;Municipality of Velo-Vocha;
http://linkedeconomy.org/resource/Organization/997973841;http://linkedeconomy.org/resource/Municipality/9024;Municipality of Veria;
http://linkedeconomy.org/resource/Organization/099281144;http://linkedeconomy.org/resource/Municipality/9303;Municipality of Viannos;
http://linkedeconomy.org/resource/Organization/998020646;http://linkedeconomy.org/resource/Municipality/9050;Municipality of Visaltia;
http://linkedeconomy.org/resource/Organization/094349850;http://linkedeconomy.org/resource/Municipality/9066;Municipality of Voio;
http://linkedeconomy.org/resource/Organization/908246635;http://linkedeconomy.org/resource/Municipality/9027;Municipality of Volvi;
http://linkedeconomy.org/resource/Organization/997898793;http://linkedeconomy.org/resource/Municipality/9105;Municipality of Volos;
http://linkedeconomy.org/resource/Organization/090171227;http://linkedeconomy.org/resource/Municipality/9237;Municipality of North Kynouria;
http://linkedeconomy.org/resource/Organization/997854446;http://linkedeconomy.org/resource/Municipality/9080;Municipality of North Tzoumerka;
http://linkedeconomy.org/resource/Organization/090160342;http://linkedeconomy.org/resource/Municipality/9169;Municipality of Vrilissia;
http://linkedeconomy.org/resource/Organization/090296835;http://linkedeconomy.org/resource/Municipality/9187;Municipality of Vyronas;
http://linkedeconomy.org/resource/Organization/090198370;http://linkedeconomy.org/resource/Municipality/9188;Municipality of Galatsi;
http://linkedeconomy.org/resource/Organization/099506116;http://linkedeconomy.org/resource/Municipality/9320;Municipality of Gavdos;
http://linkedeconomy.org/resource/Organization/090052400;http://linkedeconomy.org/resource/Municipality/9196;Municipality of Glyfada;
http://linkedeconomy.org/resource/Organization/999174215;http://linkedeconomy.org/resource/Municipality/9304;Municipality of Gortyna;
http://linkedeconomy.org/resource/Organization/800100885;http://linkedeconomy.org/resource/Municipality/9238;Municipality of Gortynia;
http://linkedeconomy.org/resource/Organization/090094856;http://linkedeconomy.org/resource/Municipality/9061;Municipality of Grevena;
http://linkedeconomy.org/resource/Organization/998607826/6070;http://linkedeconomy.org/resource/Municipality/9189;Municipality of Dafni-Ymittos;
http://linkedeconomy.org/resource/Organization/997630659;http://linkedeconomy.org/resource/Municipality/9028;Municipality of Delta;
http://linkedeconomy.org/resource/Organization/998592151;http://linkedeconomy.org/resource/Municipality/9165;Municipality of Delphi;
http://linkedeconomy.org/resource/Organization/099335725;http://linkedeconomy.org/resource/Municipality/9062;Municipality of Deskati;
http://linkedeconomy.org/resource/Organization/800107980;http://linkedeconomy.org/resource/Municipality/9007;Municipality of Didymoteicho;
http://linkedeconomy.org/resource/Organization/997690910;http://linkedeconomy.org/resource/Municipality/9217;Municipality of Dionysos;
http://linkedeconomy.org/resource/Organization/997766391;http://linkedeconomy.org/resource/Municipality/9046;Municipality of Dio-Olympos;
http://linkedeconomy.org/resource/Organization/997591330/6077;http://linkedeconomy.org/resource/Municipality/9148;Municipality of Dirfys-Messapia;
http://linkedeconomy.org/resource/Organization/998016264/6078;http://linkedeconomy.org/resource/Municipality/9143;Municipality of Distomo-Arachova-Antikyra;
http://linkedeconomy.org/resource/Organization/800111783;http://linkedeconomy.org/resource/Municipality/9159;Municipality of Domokos;
http://linkedeconomy.org/resource/Organization/997784913;http://linkedeconomy.org/resource/Municipality/9001;Municipality of Doxato;
http://linkedeconomy.org/resource/Organization/29972;http://linkedeconomy.org/resource/Municipality/9002;Municipality of Drama;
http://linkedeconomy.org/resource/Organization/998751013;http://linkedeconomy.org/resource/Municipality/9131;Municipality of West Achaea;
http://linkedeconomy.org/resource/Organization/997911980;http://linkedeconomy.org/resource/Municipality/9253;Municipality of West Mani;
http://linkedeconomy.org/resource/Organization/090382319;http://linkedeconomy.org/resource/Municipality/9081;Municipality of Dodoni;
http://linkedeconomy.org/resource/Organization/800196610;http://linkedeconomy.org/resource/Municipality/9166;Municipality of Dorida;
http://linkedeconomy.org/resource/Organization/998721868;http://linkedeconomy.org/resource/Municipality/9043;Municipality of Edessa;
http://linkedeconomy.org/resource/Organization/999254983;http://linkedeconomy.org/resource/Municipality/9098;Municipality of Elassona;
http://linkedeconomy.org/resource/Organization/099176123;http://linkedeconomy.org/resource/Municipality/9249;Municipality of Elafonisos;
http://linkedeconomy.org/resource/Organization/997763874;http://linkedeconomy.org/resource/Municipality/9229;Municipality of Elefsina;
http://linkedeconomy.org/resource/Organization/997645384/6090;http://linkedeconomy.org/resource/Municipality/9197;Municipality of Elliniko-Argyroupoli;
http://linkedeconomy.org/resource/Organization/998054361;http://linkedeconomy.org/resource/Municipality/9067;Municipality of Eordaia;
http://linkedeconomy.org/resource/Organization/998142373;http://linkedeconomy.org/resource/Municipality/9234;Municipality of Epidaurus;
http://linkedeconomy.org/resource/Organization/997591328;http://linkedeconomy.org/resource/Municipality/9149;Municipality of Eretria;
http://linkedeconomy.org/resource/Organization/97609152;http://linkedeconomy.org/resource/Municipality/9235;Municipality of Ermionida;
http://linkedeconomy.org/resource/Organization/104149218;http://linkedeconomy.org/resource/Municipality/9132;Municipality of Erymanthos;
http://linkedeconomy.org/resource/Organization/099652457;http://linkedeconomy.org/resource/Municipality/9250;Municipality of Evrotas;
http://linkedeconomy.org/resource/Organization/997854483;http://linkedeconomy.org/resource/Municipality/9082;Municipality of Zagori;
http://linkedeconomy.org/resource/Organization/800121230;http://linkedeconomy.org/resource/Municipality/9138;Municipality of Zacharo;
http://linkedeconomy.org/resource/Organization/099229170;http://linkedeconomy.org/resource/Municipality/9088;Municipality of Ziros;
http://linkedeconomy.org/resource/Organization/997854502;http://linkedeconomy.org/resource/Municipality/9083;Municipality of Zitsa;
http://linkedeconomy.org/resource/Organization/090276406;http://linkedeconomy.org/resource/Municipality/9190;Municipality of Zografou;
http://linkedeconomy.org/resource/Organization/997925241;http://linkedeconomy.org/resource/Municipality/9077;Municipality of Igoumenitsa;
http://linkedeconomy.org/resource/Organization/800064187;http://linkedeconomy.org/resource/Municipality/9139;Municipality of Ilida;
http://linkedeconomy.org/resource/Organization/090206453;http://linkedeconomy.org/resource/Municipality/9191;Municipality of Ilioupoli;
http://linkedeconomy.org/resource/Organization/099211572/6108;http://linkedeconomy.org/resource/Municipality/9052;Municipality of Irakleia;
http://linkedeconomy.org/resource/Organization/090084629/6109;http://linkedeconomy.org/resource/Municipality/9170;Municipality of Heraklion;
http://linkedeconomy.org/resource/Organization/090084629/6109;http://linkedeconomy.org/resource/Municipality/9305;Municipality of Irakleio;
http://linkedeconomy.org/resource/Organization/998841450;http://linkedeconomy.org/resource/Municipality/9025;Municipality of Naousa;
http://linkedeconomy.org/resource/Organization/090400016;http://linkedeconomy.org/resource/Municipality/9011;Municipality of Thasos;
http://linkedeconomy.org/resource/Organization/997567090;http://linkedeconomy.org/resource/Municipality/9029;Municipality of Thermaikos;
http://linkedeconomy.org/resource/Organization/997612550;http://linkedeconomy.org/resource/Municipality/9030;Municipality of Thermi;
http://linkedeconomy.org/resource/Organization/0900134385;http://linkedeconomy.org/resource/Municipality/9126;Municipality of Thermo;
http://linkedeconomy.org/resource/Organization/998082845;http://linkedeconomy.org/resource/Municipality/9031;Municipality of Thessaloniki;
http://linkedeconomy.org/resource/Organization/997597230;http://linkedeconomy.org/resource/Municipality/9144;Municipality of Thebes;
http://linkedeconomy.org/resource/Organization/997877331;http://linkedeconomy.org/resource/Municipality/9270;Municipality of Santorini;
http://linkedeconomy.org/resource/Organization/997687953;http://linkedeconomy.org/resource/Municipality/9020;Municipality of Iasmos;
http://linkedeconomy.org/resource/Organization/997696347;http://linkedeconomy.org/resource/Municipality/9311;Municipality of Missolonghi;
http://linkedeconomy.org/resource/Organization/090383027;http://linkedeconomy.org/resource/Municipality/9271;Municipality of Ios;
http://linkedeconomy.org/resource/Organization/090125733;http://linkedeconomy.org/resource/Municipality/9117;Municipality of Ithaca;
http://linkedeconomy.org/resource/Organization/800057485;http://linkedeconomy.org/resource/Municipality/9259;Municipality of Icaria;
http://linkedeconomy.org/resource/Organization/090076918;http://linkedeconomy.org/resource/Municipality/9182;Municipality of Ilio;
http://linkedeconomy.org/resource/Organization/800139036;http://linkedeconomy.org/resource/Municipality/9150;Municipality of Istiaia-Aidipsos;
http://linkedeconomy.org/resource/Organization/090297997;http://linkedeconomy.org/resource/Municipality/9084;Municipality of Ioannina;
http://linkedeconomy.org/resource/Organization/090053708;http://linkedeconomy.org/resource/Municipality/9012;Municipality of Kavala;
http://linkedeconomy.org/resource/Organization/099116022;http://linkedeconomy.org/resource/Municipality/9192;Municipality of Kaisariani;
http://linkedeconomy.org/resource/Organization/800141173;http://linkedeconomy.org/resource/Municipality/9133;Municipality of Kalavryta;
http://linkedeconomy.org/resource/Organization/090226243;http://linkedeconomy.org/resource/Municipality/9032;Municipality of Kalamaria;
http://linkedeconomy.org/resource/Organization/997711992;http://linkedeconomy.org/resource/Municipality/9254;Municipality of Kalamata;
http://linkedeconomy.org/resource/Organization/998753608;http://linkedeconomy.org/resource/Municipality/9112;Municipality of Kalambaka;
http://linkedeconomy.org/resource/Organization/025653691;http://linkedeconomy.org/resource/Municipality/9198;Municipality of Kallithea;
http://linkedeconomy.org/resource/Organization/090001122;http://linkedeconomy.org/resource/Municipality/9276;Municipality of Kalymnos;
http://linkedeconomy.org/resource/Organization/997570070/6134;http://linkedeconomy.org/resource/Municipality/9321;Municipality of Kantanos-Selino;
http://linkedeconomy.org/resource/Organization/997648454;http://linkedeconomy.org/resource/Municipality/9092;Municipality of Karditsa;
http://linkedeconomy.org/resource/Organization/099;http://linkedeconomy.org/resource/Municipality/9280;Municipality of Karpathos;
http://linkedeconomy.org/resource/Organization/998895715;http://linkedeconomy.org/resource/Municipality/9157;Municipality of Karpenisi;
http://linkedeconomy.org/resource/Organization/998041445;http://linkedeconomy.org/resource/Municipality/9151;Municipality of Karystos;
http://linkedeconomy.org/resource/Organization/099686080;http://linkedeconomy.org/resource/Municipality/9281;Municipality of Kasos;
http://linkedeconomy.org/resource/Organization/998204472;http://linkedeconomy.org/resource/Municipality/9057;Municipality of Kassandra;
http://linkedeconomy.org/resource/Organization/997840976;http://linkedeconomy.org/resource/Municipality/9063;Municipality of Kastoria;
http://linkedeconomy.org/resource/Organization/998066810;http://linkedeconomy.org/resource/Municipality/9047;Municipality of Katerini;
http://linkedeconomy.org/resource/Organization/090212982/6143;http://linkedeconomy.org/resource/Municipality/9003;Municipality of Kato Nevrokopi;
http://linkedeconomy.org/resource/Organization/090116331;http://linkedeconomy.org/resource/Municipality/9282;Municipality of Kea;
http://linkedeconomy.org/resource/Organization/997681807;http://linkedeconomy.org/resource/Municipality/9075;Municipality of Central Tzoumerka;
http://linkedeconomy.org/resource/Organization/997880950/6146;http://linkedeconomy.org/resource/Municipality/9202;Municipality of Keratsini-Drapetsona;
http://linkedeconomy.org/resource/Organization/997913727;http://linkedeconomy.org/resource/Municipality/9118;Municipality of Corfu;
http://linkedeconomy.org/resource/Organization/997627133;http://linkedeconomy.org/resource/Municipality/9120;Municipality of Cephalonia;
http://linkedeconomy.org/resource/Organization/997715679;http://linkedeconomy.org/resource/Municipality/9171;Municipality of Kifisia;
http://linkedeconomy.org/resource/Organization/998223751;http://linkedeconomy.org/resource/Municipality/9099;Municipality of Kileler;
http://linkedeconomy.org/resource/Organization/997961749;http://linkedeconomy.org/resource/Municipality/9040;Municipality of Kilkis;
http://linkedeconomy.org/resource/Organization/090354683/6152;http://linkedeconomy.org/resource/Municipality/9286;Municipality of Kimolos;
http://linkedeconomy.org/resource/Organization/997738238;http://linkedeconomy.org/resource/Municipality/9322;Municipality of Kissamos;
http://linkedeconomy.org/resource/Organization/997769577;http://linkedeconomy.org/resource/Municipality/9068;Municipality of Kozani;
http://linkedeconomy.org/resource/Organization/997687930;http://linkedeconomy.org/resource/Municipality/9021;Municipality of Komotini;
http://linkedeconomy.org/resource/Organization/800161749;http://linkedeconomy.org/resource/Municipality/9085;Municipality of Konitsa;
http://linkedeconomy.org/resource/Organization/997742450;http://linkedeconomy.org/resource/Municipality/9033;Municipality of Kordelio-Evosmos;
http://linkedeconomy.org/resource/Organization/997860951;http://linkedeconomy.org/resource/Municipality/9243;Municipality of Corinth (municipality);
http://linkedeconomy.org/resource/Organization/090116054;http://linkedeconomy.org/resource/Municipality/9203;Municipality of Korydallos;
http://linkedeconomy.org/resource/Organization/090125604;http://linkedeconomy.org/resource/Municipality/9218;Municipality of Kropia;
http://linkedeconomy.org/resource/Organization/026690893;http://linkedeconomy.org/resource/Municipality/9209;Municipality of Cythera;
http://linkedeconomy.org/resource/Organization/090410925;http://linkedeconomy.org/resource/Municipality/9283;Municipality of Kythnos;
http://linkedeconomy.org/resource/Organization/997723692/6163;http://linkedeconomy.org/resource/Municipality/9152;Municipality of Kymi-Aliveri;
http://linkedeconomy.org/resource/Organization/997918919;http://linkedeconomy.org/resource/Municipality/9284;Municipality of Kos;
http://linkedeconomy.org/resource/Organization/998246659;http://linkedeconomy.org/resource/Municipality/9034;Municipality of Langadas;
http://linkedeconomy.org/resource/Organization/997501470;http://linkedeconomy.org/resource/Municipality/9160;Municipality of Lamia;
http://linkedeconomy.org/resource/Organization/997844860;http://linkedeconomy.org/resource/Municipality/9100;Municipality of Larissa;
http://linkedeconomy.org/resource/Organization/998292246;http://linkedeconomy.org/resource/Municipality/9219;Municipality of Lavreotiki;
http://linkedeconomy.org/resource/Organization/998016227;http://linkedeconomy.org/resource/Municipality/9145;Municipality of Livadeia;
http://linkedeconomy.org/resource/Organization/090025549;http://linkedeconomy.org/resource/Municipality/9277;Municipality of Leipsoi;
http://linkedeconomy.org/resource/Organization/090001134;http://linkedeconomy.org/resource/Municipality/9278;Municipality of Leros;
http://linkedeconomy.org/resource/Organization/997817113;http://linkedeconomy.org/resource/Municipality/9261;Municipality of Lesbos;
http://linkedeconomy.org/resource/Organization/997916281;http://linkedeconomy.org/resource/Municipality/9121;Municipality of Lefkada;
http://linkedeconomy.org/resource/Organization/094019245;http://linkedeconomy.org/resource/Municipality/9093;Municipality of Lake Plastiras;
http://linkedeconomy.org/resource/Organization/998441139;http://linkedeconomy.org/resource/Municipality/9161;Municipality of Lokroi;
http://linkedeconomy.org/resource/Organization/9978060940;http://linkedeconomy.org/resource/Municipality/9244;Municipality of Loutraki-Perachora-Agioi Theodoroi;
http://linkedeconomy.org/resource/Organization/997625190/6178;http://linkedeconomy.org/resource/Municipality/9172;Municipality of Lykovrysi-Pefki;
http://linkedeconomy.org/resource/Organization/8;http://linkedeconomy.org/resource/Municipality/9162;Municipality of Makrakomi;
http://linkedeconomy.org/resource/Organization/997791639;http://linkedeconomy.org/resource/Municipality/9306;Municipality of Malevizi;
http://linkedeconomy.org/resource/Organization/800202091/6182;http://linkedeconomy.org/resource/Municipality/9153;Municipality of Mantoudi-Limni-Agia Anna;
http://linkedeconomy.org/resource/Organization/997606752;http://linkedeconomy.org/resource/Municipality/9220;Municipality of Marathon;
http://linkedeconomy.org/resource/Organization/090125500;http://linkedeconomy.org/resource/Municipality/9221;Municipality of Markopoulo Mesogaias;
http://linkedeconomy.org/resource/Organization/800281907/6185;http://linkedeconomy.org/resource/Municipality/9022;Municipality of Maroneia-Sapes;
http://linkedeconomy.org/resource/Organization/090126152;http://linkedeconomy.org/resource/Municipality/9239;Municipality of Megalopoli;
http://linkedeconomy.org/resource/Organization/090134594;http://linkedeconomy.org/resource/Municipality/9122;Municipality of Meganisi;
http://linkedeconomy.org/resource/Organization/997693310;http://linkedeconomy.org/resource/Municipality/9231;Municipality of Megara;
http://linkedeconomy.org/resource/Organization/090319214;http://linkedeconomy.org/resource/Municipality/9295;Municipality of Megistis;
http://linkedeconomy.org/resource/Organization/998762513;http://linkedeconomy.org/resource/Municipality/9255;Municipality of Messini;
http://linkedeconomy.org/resource/Organization/090107358/6191;http://linkedeconomy.org/resource/Municipality/9173;Municipality of Metamorfosi;
http://linkedeconomy.org/resource/Organization/090210097;http://linkedeconomy.org/resource/Municipality/9086;Municipality of Metsovo;
http://linkedeconomy.org/resource/Organization/09021858;http://linkedeconomy.org/resource/Municipality/9287;Municipality of Milos;
http://linkedeconomy.org/resource/Organization/099285315;http://linkedeconomy.org/resource/Municipality/9307;Municipality of Minoa Pediada;
http://linkedeconomy.org/resource/Organization/998717658;http://linkedeconomy.org/resource/Municipality/9251;Municipality of Monemvasia;
http://linkedeconomy.org/resource/Organization/997564129/6197;http://linkedeconomy.org/resource/Municipality/9199;Municipality of Moschato-Tavros;
http://linkedeconomy.org/resource/Organization/800231941;http://linkedeconomy.org/resource/Municipality/9094;Municipality of Mouzaki;
http://linkedeconomy.org/resource/Organization/997615160;http://linkedeconomy.org/resource/Municipality/9016;Municipality of Myki;
http://linkedeconomy.org/resource/Organization/090235079/6200;http://linkedeconomy.org/resource/Municipality/9290;Municipality of Mykonos;
http://linkedeconomy.org/resource/Organization/997820850;http://linkedeconomy.org/resource/Municipality/9317;Municipality of Mylopotamos;
http://linkedeconomy.org/resource/Organization/997558031;http://linkedeconomy.org/resource/Municipality/9292;Municipality of Naxos and Lesser Cyclades;
http://linkedeconomy.org/resource/Organization/998517151;http://linkedeconomy.org/resource/Municipality/9128;Municipality of Nafpaktia;
http://linkedeconomy.org/resource/Organization/998142361;http://linkedeconomy.org/resource/Municipality/9236;Municipality of Nafplio;
http://linkedeconomy.org/resource/Organization/998502113/6207;http://linkedeconomy.org/resource/Municipality/9035;Municipality of Neapoli-Sykies;
http://linkedeconomy.org/resource/Organization/8000246886;http://linkedeconomy.org/resource/Municipality/9053;Municipality of Nea Zichni;
http://linkedeconomy.org/resource/Organization/090127044;http://linkedeconomy.org/resource/Municipality/9174;Municipality of Nea Ionia;
http://linkedeconomy.org/resource/Organization/998529948;http://linkedeconomy.org/resource/Municipality/9058;Municipality of Nea Propontida;
http://linkedeconomy.org/resource/Organization/099041081/6211;http://linkedeconomy.org/resource/Municipality/9200;Municipality of Nea Smyrni;
http://linkedeconomy.org/resource/Organization/090398932;http://linkedeconomy.org/resource/Municipality/9245;Municipality of Nemea;
http://linkedeconomy.org/resource/Organization/090352493;http://linkedeconomy.org/resource/Municipality/9064;Municipality of Nestorio;
http://linkedeconomy.org/resource/Organization/999198944;http://linkedeconomy.org/resource/Municipality/9013;Municipality of Nestos;
http://linkedeconomy.org/resource/Organization/997642253;http://linkedeconomy.org/resource/Municipality/9204;Municipality of Nikaia-Agios Ioannis Rentis;
http://linkedeconomy.org/resource/Organization/997681819;http://linkedeconomy.org/resource/Municipality/9076;Municipality of Nikolaos Skoufas;
http://linkedeconomy.org/resource/Organization/099269211;http://linkedeconomy.org/resource/Municipality/9285;Municipality of Nisyros;
http://linkedeconomy.org/resource/Organization/099165551;http://linkedeconomy.org/resource/Municipality/9240;Municipality of South Kynouria;
http://linkedeconomy.org/resource/Organization/997898770;http://linkedeconomy.org/resource/Municipality/9107;Municipality of South Pelion;
http://linkedeconomy.org/resource/Organization/997654473;http://linkedeconomy.org/resource/Municipality/9017;Municipality of Xanthi;
http://linkedeconomy.org/resource/Organization/800076242;http://linkedeconomy.org/resource/Municipality/9246;Municipality of Xiromero;
http://linkedeconomy.org/resource/Organization/800262468/6222;http://linkedeconomy.org/resource/Municipality/9129;Municipality of Xylokastro-Evrostina;
http://linkedeconomy.org/resource/Organization/090380572;http://linkedeconomy.org/resource/Municipality/9265;Municipality of Oinousses;
http://linkedeconomy.org/resource/Organization/099184497;http://linkedeconomy.org/resource/Municipality/9256;Municipality of Oichalia;
http://linkedeconomy.org/resource/Organization/998583210;http://linkedeconomy.org/resource/Municipality/9008;Municipality of Orestiada;
http://linkedeconomy.org/resource/Organization/090360500;http://linkedeconomy.org/resource/Municipality/9312;Municipality of Oropedio Lasithiou;
http://linkedeconomy.org/resource/Organization/998016240;http://linkedeconomy.org/resource/Municipality/9146;Municipality of Orchomenos;
http://linkedeconomy.org/resource/Organization/997732707;http://linkedeconomy.org/resource/Municipality/9014;Municipality of Pangaio;
http://linkedeconomy.org/resource/Organization/997727390;http://linkedeconomy.org/resource/Municipality/9222;Municipality of Paiania;
http://linkedeconomy.org/resource/Organization/997961713;http://linkedeconomy.org/resource/Municipality/9041;Municipality of Paionia;
http://linkedeconomy.org/resource/Organization/090189452;http://linkedeconomy.org/resource/Municipality/9095;Municipality of Palamas;
http://linkedeconomy.org/resource/Organization/9976016696;http://linkedeconomy.org/resource/Municipality/9223;Municipality of Pallini;
http://linkedeconomy.org/resource/Organization/090112939;http://linkedeconomy.org/resource/Municipality/9119;Municipality of Paxi;
http://linkedeconomy.org/resource/Organization/998154279;http://linkedeconomy.org/resource/Municipality/9175;Municipality of Papagou-Cholargos;
http://linkedeconomy.org/resource/Organization/997784901;http://linkedeconomy.org/resource/Municipality/9004;Municipality of Paranesti;
http://linkedeconomy.org/resource/Organization/997963210;http://linkedeconomy.org/resource/Municipality/9089;Municipality of Parga;
http://linkedeconomy.org/resource/Organization/097664995;http://linkedeconomy.org/resource/Municipality/9294;Municipality of Paros;
http://linkedeconomy.org/resource/Organization/090001110;http://linkedeconomy.org/resource/Municipality/9279;Municipality of Patmos;
http://linkedeconomy.org/resource/Organization/090001318;http://linkedeconomy.org/resource/Municipality/9134;Municipality of Patras;
http://linkedeconomy.org/resource/Organization/090000045;http://linkedeconomy.org/resource/Municipality/9036;Municipality of Pavlos Melas;
http://linkedeconomy.org/resource/Organization/090001263;http://linkedeconomy.org/resource/Municipality/9205;Municipality of Piraeus;
http://linkedeconomy.org/resource/Organization/998010099;http://linkedeconomy.org/resource/Municipality/9044;Municipality of Pella;
http://linkedeconomy.org/resource/Organization/997625176;http://linkedeconomy.org/resource/Municipality/9176;Municipality of Penteli;
http://linkedeconomy.org/resource/Organization/099077446;http://linkedeconomy.org/resource/Municipality/9206;Municipality of Perama;
http://linkedeconomy.org/resource/Organization/090094082;http://linkedeconomy.org/resource/Municipality/9183;Municipality of Peristeri;
http://linkedeconomy.org/resource/Organization/090137535;http://linkedeconomy.org/resource/Municipality/9184;Municipality of Petroupoli;
http://linkedeconomy.org/resource/Organization/099663921;http://linkedeconomy.org/resource/Municipality/9140;Municipality of Pineios;
http://linkedeconomy.org/resource/Organization/997075112;http://linkedeconomy.org/resource/Municipality/9323;Municipality of Platanias;
http://linkedeconomy.org/resource/Organization/998493345;http://linkedeconomy.org/resource/Municipality/9059;Municipality of Polygyros;
http://linkedeconomy.org/resource/Organization/090120842;http://linkedeconomy.org/resource/Municipality/9210;Municipality of Poros;
http://linkedeconomy.org/resource/Organization/997861879;http://linkedeconomy.org/resource/Municipality/9090;Municipality of Preveza;
http://linkedeconomy.org/resource/Organization/998565714;http://linkedeconomy.org/resource/Municipality/9071;Municipality of Prespes;
http://linkedeconomy.org/resource/Organization/094200300;http://linkedeconomy.org/resource/Municipality/9005;Municipality of Prosotsani;
http://linkedeconomy.org/resource/Organization/099607100/6256;http://linkedeconomy.org/resource/Municipality/9048;Municipality of Pydna-Kolindros;
http://linkedeconomy.org/resource/Organization/997612469/6257;http://linkedeconomy.org/resource/Municipality/9037;Municipality of Pylaia-Chortiatis;
http://linkedeconomy.org/resource/Organization/998284560;http://linkedeconomy.org/resource/Municipality/9113;Municipality of Pyli;
http://linkedeconomy.org/resource/Organization/099685753;http://linkedeconomy.org/resource/Municipality/9257;Municipality of Pylos-Nestor;
http://linkedeconomy.org/resource/Organization/997851040;http://linkedeconomy.org/resource/Municipality/9141;Municipality of Pyrgos;
http://linkedeconomy.org/resource/Organization/9978;http://linkedeconomy.org/resource/Municipality/9087;Municipality of Pogoni;
http://linkedeconomy.org/resource/Organization/997606703;http://linkedeconomy.org/resource/Municipality/9224;Municipality of Rafina-Pikermi;
http://linkedeconomy.org/resource/Organization/997820861;http://linkedeconomy.org/resource/Municipality/9318;Municipality of Rethymno;
http://linkedeconomy.org/resource/Organization/997708302;http://linkedeconomy.org/resource/Municipality/9108;Municipality of Rigas Feraios;
http://linkedeconomy.org/resource/Organization/090001160;http://linkedeconomy.org/resource/Municipality/9296;Municipality of Rhodes;
http://linkedeconomy.org/resource/Organization/099122563;http://linkedeconomy.org/resource/Municipality/9211;Municipality of Salamis Island;
http://linkedeconomy.org/resource/Organization/090072723;http://linkedeconomy.org/resource/Municipality/9009;Municipality of Samothrace;
http://linkedeconomy.org/resource/Organization/097966689;http://linkedeconomy.org/resource/Municipality/9264;Municipality of Samos;
http://linkedeconomy.org/resource/Organization/997727408;http://linkedeconomy.org/resource/Municipality/9225;Municipality of Saronikos;
http://linkedeconomy.org/resource/Organization/099580476;http://linkedeconomy.org/resource/Municipality/9069;Municipality of Servia-Velventos;
http://linkedeconomy.org/resource/Organization/090281914;http://linkedeconomy.org/resource/Municipality/9288;Municipality of Serifos;
http://linkedeconomy.org/resource/Organization/994657764;http://linkedeconomy.org/resource/Municipality/9054;Municipality of Serres;
http://linkedeconomy.org/resource/Organization/998792831;http://linkedeconomy.org/resource/Municipality/9313;Municipality of Sitia;
http://linkedeconomy.org/resource/Organization/994993357;http://linkedeconomy.org/resource/Municipality/9060;Municipality of Sithonia;
http://linkedeconomy.org/resource/Organization/099638358;http://linkedeconomy.org/resource/Municipality/9272;Municipality of Sikinos;
http://linkedeconomy.org/resource/Organization/997636180;http://linkedeconomy.org/resource/Municipality/9247;Municipality of Sikyona;
http://linkedeconomy.org/resource/Organization/999420013;http://linkedeconomy.org/resource/Municipality/9055;Municipality of Sintiki;
http://linkedeconomy.org/resource/Organization/090354671;http://linkedeconomy.org/resource/Municipality/9289;Municipality of Sifnos;
http://linkedeconomy.org/resource/Organization/090122675;http://linkedeconomy.org/resource/Municipality/9110;Municipality of Skiathos;
http://linkedeconomy.org/resource/Organization/090101108;http://linkedeconomy.org/resource/Municipality/9111;Municipality of Skopelos;
http://linkedeconomy.org/resource/Organization/998525359;http://linkedeconomy.org/resource/Municipality/9045;Municipality of Skydra;
http://linkedeconomy.org/resource/Organization/090183484;http://linkedeconomy.org/resource/Municipality/9154;Municipality of Skyros;
http://linkedeconomy.org/resource/Organization/099631382;http://linkedeconomy.org/resource/Municipality/9078;Municipality of Souli;
http://linkedeconomy.org/resource/Organization/090086567;http://linkedeconomy.org/resource/Municipality/9010;Municipality of Soufli;
http://linkedeconomy.org/resource/Organization/099217841;http://linkedeconomy.org/resource/Municipality/9096;Municipality of Sofades;
http://linkedeconomy.org/resource/Organization/9978892229;http://linkedeconomy.org/resource/Municipality/9252;Municipality of Sparti;
http://linkedeconomy.org/resource/Organization/997606740/6287;http://linkedeconomy.org/resource/Municipality/9226;Municipality of Spata-Artemida;
http://linkedeconomy.org/resource/Organization/090099540;http://linkedeconomy.org/resource/Municipality/9212;Municipality of Spetses;
http://linkedeconomy.org/resource/Organization/800297211;http://linkedeconomy.org/resource/Municipality/9164;Municipality of Stylida;
http://linkedeconomy.org/resource/Organization/0900001183;http://linkedeconomy.org/resource/Municipality/9297;Municipality of Symi;
http://linkedeconomy.org/resource/Organization/090326727;http://linkedeconomy.org/resource/Municipality/9324;Municipality of Sfakia;
http://linkedeconomy.org/resource/Organization/997597228;http://linkedeconomy.org/resource/Municipality/9147;Municipality of Tanagra;
http://linkedeconomy.org/resource/Organization/998019463;http://linkedeconomy.org/resource/Municipality/9101;Municipality of Tempi;
http://linkedeconomy.org/resource/Organization/090220343;http://linkedeconomy.org/resource/Municipality/9298;Municipality of Tilos;
http://linkedeconomy.org/resource/Organization/800302968;http://linkedeconomy.org/resource/Municipality/9301;Municipality of Tinos;
http://linkedeconomy.org/resource/Organization/090379296;http://linkedeconomy.org/resource/Municipality/9018;Municipality of Topeiros;
http://linkedeconomy.org/resource/Organization/997830264;http://linkedeconomy.org/resource/Municipality/9114;Municipality of Trikala;
http://linkedeconomy.org/resource/Organization/998037407;http://linkedeconomy.org/resource/Municipality/9241;Municipality of Tripoli;
http://linkedeconomy.org/resource/Organization/800173110;http://linkedeconomy.org/resource/Municipality/9258;Municipality of Trifylia;
http://linkedeconomy.org/resource/Organization/998257963/6301;http://linkedeconomy.org/resource/Municipality/9213;Municipality of Troizinia-Methana;
http://linkedeconomy.org/resource/Organization/998576300;http://linkedeconomy.org/resource/Municipality/9102;Municipality of Tyrnavos;
http://linkedeconomy.org/resource/Organization/090120750;http://linkedeconomy.org/resource/Municipality/9214;Municipality of Hydra;
http://linkedeconomy.org/resource/Organization/999174227/6304;http://linkedeconomy.org/resource/Municipality/9308;Municipality of Faistos;
http://linkedeconomy.org/resource/Organization/998698756;http://linkedeconomy.org/resource/Municipality/9115;Municipality of Farkadona;
http://linkedeconomy.org/resource/Organization/998416991;http://linkedeconomy.org/resource/Municipality/9103;Municipality of Farsala;
http://linkedeconomy.org/resource/Organization/997588219;http://linkedeconomy.org/resource/Municipality/9193;Municipality of Filadelfeia-Chalkidona;
http://linkedeconomy.org/resource/Organization/099628168;http://linkedeconomy.org/resource/Municipality/9079;Municipality of Filiates;
http://linkedeconomy.org/resource/Organization/997953565;http://linkedeconomy.org/resource/Municipality/9177;Municipality of Filothei-Psychiko;
http://linkedeconomy.org/resource/Organization/090053364;http://linkedeconomy.org/resource/Municipality/9072;Municipality of Florina;
http://linkedeconomy.org/resource/Organization/090382971;http://linkedeconomy.org/resource/Municipality/9273;Municipality of Folegandros;
http://linkedeconomy.org/resource/Organization/090393125/6311;http://linkedeconomy.org/resource/Municipality/9260;Municipality of Fournoi Korseon;
http://linkedeconomy.org/resource/Organization/997675481;http://linkedeconomy.org/resource/Municipality/9232;Municipality of Fyli;
http://linkedeconomy.org/resource/Organization/090206914;http://linkedeconomy.org/resource/Municipality/9185;Municipality of Chaidari;
http://linkedeconomy.org/resource/Organization/090191830;http://linkedeconomy.org/resource/Municipality/9178;Municipality of Chalandri;
http://linkedeconomy.org/resource/Organization/997630623;http://linkedeconomy.org/resource/Municipality/9038;Municipality of Chalkidona;
http://linkedeconomy.org/resource/Organization/099470059;http://linkedeconomy.org/resource/Municipality/9299;Municipality of Chalki;
http://linkedeconomy.org/resource/Organization/997591353;http://linkedeconomy.org/resource/Municipality/9155;Municipality of Chalcis;
http://linkedeconomy.org/resource/Organization/997678759;http://linkedeconomy.org/resource/Municipality/9325;Municipality of Chania;
http://linkedeconomy.org/resource/Organization/997579272;http://linkedeconomy.org/resource/Municipality/9309;Municipality of Chersonisos;
http://linkedeconomy.org/resource/Organization/090285490;http://linkedeconomy.org/resource/Municipality/9266;Municipality of Chios;
http://linkedeconomy.org/resource/Organization/090406463;http://linkedeconomy.org/resource/Municipality/9267;Municipality of Psara;
http://linkedeconomy.org/resource/Organization/997562001;http://linkedeconomy.org/resource/Municipality/9039;Municipality of Oraiokastro;
http://linkedeconomy.org/resource/Organization/997690908;http://linkedeconomy.org/resource/Municipality/9227;Municipality of Oropos;
http://linkedeconomy.org/resource/Organization/800189144/6174;http://linkedeconomy.org/resource/Municipality/9263;Municipality of Lemnos;
http://linkedeconomy.org/resource/Organization/998505846/6119;http://linkedeconomy.org/resource/Municipality/9127;Municipality of Ierapetra;
http://linkedeconomy.org/resource/Organization/998199586/55296;http://linkedeconomy.org/resource/Municipality/9116;Municipality of Zakynthos;